S01	S02	S03	S04	S05	S06	S07	S08	S09	S10	S11	S12	S13	S14	S15	S16	S17	S18	S19	S20	S21	S22	S23	S24	S25	S26	S27	S28	S29	S30
buffer_test_bin.100	0.34503406	0.37834403	0.4562893	0.3835568	0.41633192	0.32934788	0.24056429	0.18320656	0.21115883	0.37509084	0.5137191	0.8876828	0.66321623	0.664732	0.5557111	0.5342954	0.3641395	0.47423053	0.43400615	0.48254508	0.31090024	0.26427388	0.32761303	0.33653834	0.25572553	0.15073511	0.14373142	0.17085722	0.16246547	0.27595937
buffer_test_bin.101	0.60603637	0.6867831	0.75730073	0.68949425	0.70054173	0.8166083	0.58688354	0.5827306	0.6320753	0.7881892	0.11287427	0.47535113	0.17739657	0.15578009	0.26410812	0.058704343	0.20821036	0.087145	0.10418455	0.1387122	0.5607936	0.48494056	0.594824	0.59564006	0.51018775	0.3908476	0.32518965	0.5624574	0.5046433	0.5584204
buffer_test_bin.102	0.9858116	0.9887492	0.9911256	0.9892856	0.98917997	0.9925851	0.9858733	0.98566496	0.9888489	0.9936036	0.45928836	0.9653874	0.6118562	0.5462473	0.78513753	0.2515685	0.70802164	0.32248056	0.3615686	0.6087199	0.98098683	0.97094655	0.9855336	0.98446876	0.982652	0.95793086	0.9234254	0.9858069	0.97848016	0.98541266
buffer_test_bin.103	0.6827907	0.78914434	0.8089262	0.7407626	0.8004867	0.5612762	0.46038234	0.392483	0.4481665	0.6642694	0.49028286	0.7967755	0.62881786	0.53819853	0.5871222	0.74802	0.629025	0.73375076	0.67240405	0.6522073	0.6954396	0.6261104	0.6746529	0.75763035	0.5113333	0.38695222	0.35506824	0.41510257	0.43292126	0.5540327
buffer_test_bin.104	0.979016	0.98376215	0.98536414	0.9825457	0.9838311	0.988599	0.9807781	0.97713506	0.9824395	0.9875379	0.8540566	0.96873754	0.8979234	0.8648874	0.9350006	0.6720119	0.9270398	0.7103714	0.7013577	0.9091631	0.9786431	0.96890396	0.97834516	0.97783995	0.9755834	0.9652194	0.9579488	0.97764385	0.97459674	0.98105305
buffer_test_bin.105	0.3311586	0.37369078	0.4409495	0.38326472	0.41806695	0.3467783	0.18012485	0.20401531	0.21351694	0.30526704	0.4376023	0.7817262	0.4946385	0.5190927	0.39160475	0.42963853	0.42473012	0.47916555	0.47243744	0.42641	0.20884319	0.18830338	0.26531956	0.23429748	0.20405471	0.14472689	0.105215415	0.17884678	0.15967813	0.2030234
buffer_test_bin.106	0.5697549	0.6658762	0.716174	0.63233244	0.6861745	0.48238713	0.34458894	0.28952357	0.3335297	0.5154431	0.26414257	0.6129209	0.50502676	0.4486784	0.56650877	0.41966653	0.4869519	0.40919924	0.43028292	0.3084123	0.64509064	0.55795085	0.64659613	0.7110447	0.54469615	0.3862379	0.36520022	0.50977075	0.515687	0.6359255
buffer_test_bin.10	0.38666365	0.4108506	0.52788776	0.413705	0.45556265	0.32824716	0.268685	0.19327684	0.21905379	0.3810758	0.5546269	0.9255349	0.73142225	0.73785245	0.6012818	0.6799838	0.62395334	0.67001146	0.67599136	0.57887053	0.51902956	0.42410365	0.4866378	0.5543274	0.39580667	0.25023183	0.2423973	0.2968497	0.287032	0.47820592
buffer_test_bin.11	0.9989338	0.9992274	0.9993985	0.9994008	0.9991789	0.9987504	0.99863213	0.9986298	0.9990066	0.9994806	0.84560496	0.99845254	0.9201193	0.87158835	0.9834643	0.69475216	0.9775546	0.7124442	0.7219439	0.96560806	0.9989893	0.9988121	0.9990737	0.99899626	0.99845564	0.9982175	0.9985381	0.99850494	0.9986059	0.9986298
buffer_test_bin.12	0.9932112	0.9972826	0.9975056	0.9965765	0.9980786	0.9968837	0.94383377	0.9753701	0.9769868	0.9875194	0.60770106	0.98859096	0.7566882	0.73634773	0.8477938	0.44714952	0.767606	0.5819557	0.619745	0.74679977	0.9010878	0.91886383	0.9711761	0.94734216	0.8949636	0.8349917	0.63265365	0.9190813	0.86189795	0.9093316
buffer_test_bin.13	0.47385553	0.5327329	0.60898566	0.5439702	0.5746342	0.5711636	0.4284909	0.34164724	0.40647227	0.6050563	0.06345753	0.33883107	0.09240248	0.0626392	0.1344259	0.030249381	0.10601886	0.032467354	0.03664941	0.076206565	0.42616326	0.36001492	0.45201847	0.4751443	0.36112007	0.25660008	0.23076817	0.3696272	0.34704733	0.46290267
buffer_test_bin.14	0.77223784	0.78875947	0.87209994	0.80812204	0.8510359	0.7239044	0.6494985	0.54215795	0.5982606	0.83157474	0.97502106	0.9939236	0.9796785	0.9762193	0.9688243	0.98375183	0.9609772	0.98239434	0.9625065	0.9564954	0.55049145	0.5437309	0.6463513	0.603845	0.72147286	0.5481967	0.5093427	0.46028224	0.4668498	0.6961248
buffer_test_bin.15	0.7772449	0.88573134	0.8843742	0.83350587	0.8751801	0.71996784	0.6004261	0.5409594	0.59352297	0.8068858	0.6621084	0.9177952	0.87707156	0.8155329	0.948681	0.8492139	0.7976828	0.8310307	0.7679908	0.7015535	0.82439965	0.72852385	0.7889807	0.8634118	0.7283295	0.60369	0.546492	0.702826	0.74038523	0.7779216
buffer_test_bin.16	0.92335427	0.95692486	0.9791652	0.95947003	0.9640444	0.9883933	0.9040551	0.8992595	0.929258	0.983985	0.20972414	0.80420053	0.28801262	0.24543568	0.45295957	0.10800143	0.3735876	0.1341049	0.14959845	0.30161476	0.8829256	0.83431494	0.9090519	0.9101947	0.8553568	0.7248012	0.63930106	0.88783115	0.83569586	0.89266187
buffer_test_bin.17	0.55317533	0.75162184	0.5507018	0.4735237	0.4425151	0.015035089	0.011929129	0.0094538815	0.011053612	0.010069293	0.16013968	0.5522046	0.24000551	0.21612684	0.24610183	0.0023494451	0.015735501	0.0048229927	0.0029240563	0.004380984	0.17291711	0.1356575	0.30012888	0.24831867	0.004414985	0.0042262813	0.0044523855	0.0058039115	0.0026316505	0.0051748995
buffer_test_bin.18	0.43025613	0.5091955	0.53434354	0.5052705	0.5546826	0.57791996	0.30598375	0.36348626	0.36963177	0.44794816	0.096753486	0.43714616	0.14766224	0.14144455	0.19801368	0.06369685	0.15238492	0.089107	0.10918995	0.14207457	0.2217237	0.22578382	0.32051486	0.273562	0.238382	0.18431447	0.10127376	0.25195855	0.20895298	0.2482273
buffer_test_bin.19	0.40998793	0.4974112	0.557559	0.49713168	0.5093323	0.48729312	0.27872324	0.2889226	0.31332347	0.43676433	0.062302873	0.33506787	0.08929629	0.06767478	0.1413934	0.03210251	0.108443506	0.050319966	0.05367075	0.090305604	0.35207677	0.32049772	0.38948476	0.40649828	0.23390515	0.16441381	0.12976883	0.25574186	0.22208597	0.25751796
buffer_test_bin.1	0.48808584	0.57464486	0.647532	0.55413395	0.5794428	0.75300235	0.51334524	0.50462765	0.5586367	0.7307837	0.35737404	0.7485877	0.20239018	0.25573316	0.23193462	0.30273214	0.32654023	0.3409502	0.3245275	0.42032158	0.4822688	0.3955508	0.49409395	0.5179526	0.43375498	0.32259947	0.26250392	0.4798366	0.43675932	0.5015693
buffer_test_bin.20	0.9996098	0.9996639	0.9996034	0.99956536	0.99957454	0.99985576	0.99958295	0.999466	0.999597	0.999724	0.6298581	0.99746215	0.74993783	0.68072873	0.8979389	0.36487272	0.8666993	0.42135677	0.4850298	0.73528665	0.99924004	0.99839234	0.99941593	0.9995189	0.99933296	0.99602234	0.9916148	0.99936146	0.99896884	0.99945074
buffer_test_bin.21	0.2926407	0.35078666	0.4223243	0.31834674	0.36456394	0.41261506	0.29564208	0.25397784	0.2883025	0.46397144	0.05308491	0.23456386	0.09130269	0.0687506	0.11372339	0.4774595	0.3989903	0.49642846	0.43882677	0.49667048	0.31989178	0.23830444	0.313007	0.3396296	0.28039217	0.1774719	0.17768262	0.25064123	0.24448992	0.34497747
buffer_test_bin.22	0.9127126	0.9459138	0.97397935	0.936288	0.9561544	0.98642033	0.936557	0.8876727	0.92876726	0.9913054	0.20795122	0.7421714	0.2912058	0.24660408	0.40023038	0.140894	0.37447745	0.1538071	0.16713315	0.28976116	0.90417594	0.8266692	0.91752744	0.9323394	0.89546686	0.7510218	0.7091299	0.89039	0.86978763	0.9376953
buffer_test_bin.23	0.31245402	0.33189875	0.44528165	0.3342595	0.40395358	0.2475087	0.17802982	0.13131106	0.15613143	0.30350408	0.33264288	0.677451	0.45613545	0.46132278	0.3395817	0.36152455	0.3931263	0.38994578	0.4518353	0.24067497	0.27981585	0.22612494	0.3106179	0.2999653	0.27298892	0.1600224	0.14806765	0.1574063	0.1524872	0.2837287
buffer_test_bin.24	0.811857	0.85753614	0.87791944	0.84969574	0.8873447	0.87155175	0.60105073	0.702632	0.6824584	0.7971638	0.7015808	0.98214704	0.88939947	0.8470554	0.6446054	0.5823317	0.5521641	0.6349797	0.60830057	0.62529284	0.4327179	0.4511254	0.59727055	0.50167435	0.5021184	0.38508478	0.26186305	0.47413415	0.3931722	0.49235913
buffer_test_bin.25	0.9885971	0.99297625	0.99517256	0.993444	0.99362564	0.9970405	0.9919998	0.98328537	0.9911685	0.995959	0.3698361	0.9455229	0.4539852	0.36507645	0.6474301	0.21625479	0.59303004	0.23767394	0.24537171	0.53260964	0.9863592	0.9707731	0.987999	0.99087584	0.9836864	0.94109756	0.9222152	0.9856849	0.9793308	0.99201006
buffer_test_bin.26	0.7531604	0.8233136	0.8617604	0.81401753	0.8733873	0.6976819	0.57209754	0.4928252	0.5502515	0.7936278	0.9486133	0.98286426	0.9653859	0.9563166	0.9644871	0.97565114	0.9441833	0.9750158	0.9294793	0.91433305	0.74829066	0.6659512	0.80235016	0.801632	0.7028986	0.5323552	0.48001546	0.5194619	0.5307319	0.7171442
buffer_test_bin.27	0.4848174	0.48736966	0.6365915	0.4982869	0.5122219	0.48892316	0.4096771	0.30068535	0.33549693	0.5709353	0.047193818	0.34471592	0.023808818	0.03086745	0.05722518	0.011792266	0.06724041	0.012417867	0.013119979	0.04431898	0.5319538	0.32948247	0.46284297	0.58017194	0.72979426	0.525532	0.5497594	0.73212904	0.6934157	0.81690127
buffer_test_bin.28	0.26070452	0.3083246	0.37448168	0.2894838	0.33461633	0.41162482	0.2695148	0.23109049	0.2891059	0.43798852	0.023415184	0.20200735	0.04153063	0.03847344	0.11856749	0.02028739	0.09656289	0.035199605	0.05520114	0.034377337	0.31165037	0.22357452	0.30178177	0.32888123	0.35918948	0.23352198	0.24086216	0.362111	0.3384605	0.44594815
buffer_test_bin.29	0.9947044	0.9953127	0.9968509	0.9961212	0.9969	0.9935158	0.97797215	0.9563634	0.97117937	0.9950366	0.9971258	0.99934417	0.99749976	0.9972441	0.997277	0.9987321	0.99881136	0.99902636	0.99885815	0.99847066	0.9950946	0.99098885	0.99543333	0.9963339	0.9905519	0.9564941	0.9480065	0.97844154	0.9758682	0.9914011
buffer_test_bin.2	0.14588165	0.1483589	0.21505544	0.16155398	0.18803787	0.14186323	0.09554872	0.08229435	0.081804276	0.16025504	0.6825363	0.97141236	0.8064076	0.80776125	0.64123	0.60930556	0.4355078	0.55237406	0.57100105	0.6229993	0.11330905	0.110198304	0.14338364	0.11435914	0.15172102	0.08340728	0.08566002	0.09713297	0.084310405	0.16352797
buffer_test_bin.30	0.9176361	0.9378124	0.9660663	0.9332626	0.952542	0.920007	0.7971667	0.73597395	0.7749454	0.92687875	0.9697884	0.99957716	0.98122656	0.98659253	0.96138304	0.9528831	0.927706	0.94514763	0.95202774	0.9325831	0.8983087	0.83733284	0.9133845	0.93397075	0.89859307	0.7591758	0.75531703	0.86994493	0.8447461	0.94550127
buffer_test_bin.31	0.99772555	0.9984731	0.9990725	0.9984221	0.9988944	0.9990063	0.99724144	0.9957788	0.99702317	0.99919266	0.61991847	0.9847077	0.756067	0.79282194	0.9560838	0.9994114	0.9991102	0.99929714	0.9990283	0.99916565	0.9976201	0.9942342	0.99793404	0.99850595	0.996802	0.97973996	0.9755894	0.99598676	0.99363285	0.99783444
buffer_test_bin.32	0.8573809	0.8932861	0.93395406	0.89036894	0.92745656	0.81740713	0.67395127	0.59500635	0.6440263	0.8455954	0.96606416	0.99482334	0.9695737	0.9738251	0.9532098	0.971071	0.9195127	0.9664787	0.9502285	0.94545686	0.7442011	0.67449474	0.7799082	0.7852182	0.7112294	0.5096488	0.47216547	0.5400474	0.5061498	0.71615744
buffer_test_bin.33	0.9928181	0.99284846	0.9940662	0.99331045	0.99355114	0.99617755	0.99369913	0.99167585	0.9936504	0.9953713	0.768563	0.9894031	0.859294	0.81251496	0.96246725	0.43181863	0.91878563	0.43916762	0.41951105	0.90011	0.9916152	0.98966515	0.9918368	0.99184114	0.9920537	0.98879284	0.9888102	0.99198407	0.9919202	0.993257
buffer_test_bin.34	0.9981692	0.99943364	0.9996966	0.99889374	0.99938226	0.99964035	0.9981145	0.9977178	0.9991568	0.9996954	0.50343126	0.9841179	0.67665815	0.5810066	0.8412574	0.6307478	0.8899804	0.6263751	0.69210225	0.6039098	0.9987001	0.995604	0.9989223	0.99906707	0.9994467	0.9944052	0.9927016	0.9993965	0.9989325	0.9996346
buffer_test_bin.35	0.4059084	0.48144627	0.56047285	0.4688568	0.48954827	0.66181153	0.44584453	0.4142238	0.4702122	0.66520065	0.063418575	0.3220928	0.107680894	0.090206385	0.16284575	0.04099598	0.16092688	0.061647054	0.08312604	0.092502095	0.39815733	0.32105312	0.4134802	0.41714767	0.39361444	0.27992535	0.24103543	0.41769806	0.38834846	0.477155
buffer_test_bin.36	0.9990984	0.99947286	0.9995334	0.99921405	0.99952525	0.99932694	0.99830616	0.9982099	0.9985419	0.999191	0.84421164	0.99827087	0.89697325	0.8423872	0.97538733	0.3920434	0.9310892	0.4592784	0.44993365	0.85754937	0.9988586	0.9988802	0.9990004	0.9992176	0.9967577	0.99181837	0.98636276	0.99718815	0.99662536	0.9975875
buffer_test_bin.37	0.21586248	0.23187043	0.33339843	0.25573453	0.2869796	0.19783603	0.15018047	0.11821803	0.13201767	0.2522453	0.7453004	0.9830297	0.7569192	0.84745777	0.69529474	0.8809656	0.8593646	0.8966758	0.9144841	0.84852284	0.30064324	0.20230162	0.23474814	0.31676593	0.32720038	0.18897748	0.19363046	0.22080666	0.21082033	0.34073693
buffer_test_bin.38	0.8521558	0.90802455	0.94182247	0.90988326	0.9206438	0.9566495	0.8100693	0.8051429	0.8367075	0.9490047	0.17738163	0.70434064	0.24454646	0.2100698	0.3757489	0.086371	0.30522886	0.11366436	0.13210464	0.23220463	0.8033752	0.7427011	0.8299774	0.83628064	0.748126	0.59764785	0.52573717	0.7890339	0.7310899	0.80571127
buffer_test_bin.39	0.12988645	0.14465085	0.18809524	0.14238511	0.16408917	0.10846777	0.0792354	0.06485204	0.068113744	0.13797817	0.41554698	0.83588874	0.54235464	0.5480298	0.2949658	0.34468028	0.2252191	0.3242707	0.30902645	0.33484837	0.07196777	0.07074056	0.1012979	0.08230842	0.09738553	0.059006613	0.05363999	0.05511527	0.051478833	0.10616313
buffer_test_bin.3	0.9116489	0.941737	0.9700579	0.9389771	0.9525585	0.9683185	0.89700985	0.86013687	0.88806534	0.9699793	0.2683957	0.8217245	0.3866261	0.32592916	0.5256621	0.91861975	0.9250355	0.9302809	0.9232929	0.92497784	0.9127927	0.85720265	0.91839147	0.93338066	0.9527854	0.8628912	0.8481498	0.954223	0.9436679	0.9759761
buffer_test_bin.40	0.1976242	0.23763788	0.30404183	0.24781871	0.2671515	0.30004132	0.16497736	0.17240334	0.17671666	0.26504755	0.23152614	0.55258	0.46371174	0.45727217	0.44298285	0.3309827	0.4504024	0.39034975	0.46095902	0.23999766	0.21068628	0.16819757	0.21869116	0.23366265	0.22564192	0.15086888	0.13455746	0.22274353	0.196205	0.2455532
buffer_test_bin.41	0.5177262	0.5968175	0.6799503	0.59816384	0.6304645	0.67647105	0.4582889	0.4321001	0.46707782	0.64767915	0.09184617	0.41867733	0.14947304	0.1226656	0.19192399	0.41559017	0.4532173	0.4687897	0.46875253	0.4782698	0.48494267	0.4035368	0.5161058	0.53469247	0.4889691	0.3374989	0.30866954	0.48717904	0.44229555	0.54079366
buffer_test_bin.42	0.9964034	0.9967979	0.997668	0.99662864	0.99733955	0.9966508	0.99653	0.9966002	0.99690866	0.99698347	0.6960481	0.99576855	0.84885025	0.7906888	0.9612647	0.6273718	0.94756866	0.70707613	0.75218636	0.85435593	0.9964293	0.99576145	0.99670094	0.99650747	0.9964481	0.9961664	0.9959888	0.9965208	0.99621034	0.99661195
buffer_test_bin.43	0.80381286	0.8295768	0.9110478	0.84318745	0.871478	0.74936366	0.61945546	0.5292734	0.55457366	0.783062	0.84703916	0.98961014	0.9707603	0.9638143	0.96725655	0.9710572	0.9744849	0.97194606	0.9744059	0.90665644	0.9464751	0.87646276	0.9128121	0.95935446	0.8934317	0.7363778	0.7530901	0.84550756	0.847905	0.9431036
buffer_test_bin.44	0.28081906	0.33919844	0.401113	0.3386655	0.36759636	0.3549099	0.21087243	0.18882664	0.20761263	0.33133695	0.04440061	0.20963718	0.062597826	0.05055502	0.08104888	0.10394353	0.16003299	0.13589686	0.14439297	0.108622566	0.2501808	0.20054324	0.2809519	0.28669342	0.21681072	0.14153017	0.121444374	0.20748103	0.18331215	0.23762281
buffer_test_bin.45	0.5554924	0.61478746	0.70270294	0.59897983	0.6457004	0.699243	0.5138902	0.4642055	0.5012907	0.7119852	0.07851802	0.4002363	0.12117933	0.09951731	0.18055722	0.16567042	0.27477428	0.20306185	0.22791775	0.15817207	0.5675989	0.45747122	0.56892604	0.6077	0.616641	0.42726853	0.41065922	0.58469075	0.5503757	0.65615827
buffer_test_bin.46	0.7238088	0.78971386	0.8463088	0.8012404	0.8106434	0.87556213	0.6938575	0.64450324	0.6920278	0.8642682	0.11279257	0.54252285	0.15789789	0.13294353	0.2478969	0.039414205	0.1828785	0.04969318	0.052362368	0.13052286	0.6531801	0.58149385	0.7068748	0.70833576	0.59259003	0.43915626	0.40057552	0.61152	0.55518454	0.655894
buffer_test_bin.47	0.9164161	0.91643995	0.97003406	0.9338154	0.96266204	0.7810782	0.6622251	0.5469324	0.5931643	0.8393276	0.99925476	0.99968296	0.99920475	0.9991367	0.9990261	0.9989668	0.9947973	0.9984496	0.9979598	0.9970679	0.7980546	0.7425482	0.8813168	0.84809417	0.83129406	0.6171486	0.6103571	0.6183342	0.5917588	0.8331272
buffer_test_bin.48	0.23063768	0.24578473	0.3329874	0.23750465	0.28083363	0.22202012	0.14880244	0.12247212	0.13697474	0.24209008	0.16734105	0.48481297	0.31084183	0.32431567	0.25952595	0.18723732	0.19713473	0.18776783	0.2050296	0.15049458	0.19504708	0.15424125	0.20772558	0.23195535	0.16974856	0.10134072	0.10034891	0.13446878	0.12850162	0.19222213
buffer_test_bin.49	0.9439341	0.978391	0.9262815	0.963948	0.9818244	0.9001515	0.748039	0.7904263	0.8157581	0.9016101	0.08878441	0.6526963	0.08679019	0.07334108	0.16560386	0.020909825	0.119745046	0.0266935	0.030165382	0.13747998	0.31600988	0.2889805	0.44590676	0.4334645	0.07358392	0.07162401	0.06697145	0.069024004	0.06529746	0.07323014
buffer_test_bin.4	0.9160651	0.9577365	0.97596794	0.95475924	0.95795983	0.99338096	0.942707	0.929575	0.9598435	0.9923878	0.23508374	0.7934432	0.356799	0.30981636	0.5121945	0.12923087	0.456177	0.1868061	0.22951616	0.31339818	0.88378525	0.82434994	0.9020386	0.9108468	0.9147651	0.79947686	0.7496082	0.9408391	0.9131289	0.95263207
buffer_test_bin.50	0.43260595	0.50513184	0.58108544	0.47548145	0.5323888	0.3289423	0.1851442	0.18974	0.19612153	0.29192105	0.60955024	0.94829327	0.76331365	0.79804456	0.66139555	0.52160585	0.49575865	0.54724216	0.532412	0.51565045	0.42603147	0.3381372	0.44477928	0.4542773	0.245231	0.16815801	0.13608675	0.20696974	0.1972518	0.27105552
buffer_test_bin.51	0.5086507	0.5071941	0.66606784	0.5070843	0.5656578	0.5021248	0.40072665	0.32008246	0.36616358	0.5901447	0.036200702	0.20864086	0.02620462	0.035350025	0.047532305	0.08885969	0.1963576	0.14042538	0.13795549	0.086434215	0.49929747	0.49492338	0.590226	0.5120467	0.50240266	0.31499308	0.327423	0.38816845	0.3584568	0.5359164
buffer_test_bin.52	0.9604069	0.97958416	0.9793968	0.97234714	0.9769735	0.9655523	0.94261444	0.9454491	0.95346135	0.97338074	0.9505271	0.98330176	0.9731536	0.9696713	0.97807133	0.9788094	0.979576	0.97858316	0.97068906	0.94019425	0.96868885	0.9637453	0.96444446	0.9730517	0.957765	0.9382963	0.9156558	0.9512747	0.95715994	0.9606006
buffer_test_bin.53	0.95653796	0.9708968	0.9819476	0.96657705	0.9742041	0.98076504	0.9586176	0.9341414	0.95483047	0.9836764	0.31829476	0.8808656	0.44951308	0.3648683	0.57803875	0.98674166	0.97411656	0.987494	0.9851212	0.99022365	0.9607467	0.9206187	0.96078914	0.9678603	0.95307016	0.85857505	0.85449743	0.95133704	0.9430224	0.9716224
buffer_test_bin.54	0.9115559	0.92205876	0.9726167	0.935279	0.9610219	0.8157324	0.6670933	0.60128814	0.6635423	0.8844049	0.99474335	0.99962795	0.9971223	0.99632484	0.991226	0.994747	0.990516	0.9946042	0.9946999	0.9950399	0.9113784	0.8213782	0.85392654	0.9065844	0.89392304	0.7352312	0.66778463	0.7084513	0.7042203	0.87150294
buffer_test_bin.55	0.69804305	0.7674361	0.82350093	0.77772456	0.79379386	0.7957682	0.49129027	0.5575675	0.5654386	0.68618107	0.57925385	0.9180525	0.6303474	0.6571138	0.55885345	0.49523982	0.5363177	0.5522471	0.5719491	0.5317192	0.48439825	0.4459551	0.5863894	0.5333225	0.467741	0.3684708	0.25353715	0.47196713	0.40279835	0.45818353
buffer_test_bin.56	0.06640579	0.07542433	0.11081505	0.0828785	0.100846395	0.11894819	0.046766408	0.052868776	0.05673506	0.1037899	0.31163415	0.78086317	0.50556374	0.5522576	0.40434965	0.20707268	0.20236842	0.20819128	0.22316378	0.20835195	0.04055804	0.03600609	0.056393623	0.050765473	0.091623105	0.05988276	0.050932847	0.05738167	0.06343048	0.10805453
buffer_test_bin.57	0.5377726	0.5499668	0.63895154	0.554023	0.60728014	0.4449619	0.38895878	0.29776597	0.32728383	0.5337304	0.97080517	0.9991066	0.96233916	0.982507	0.8744141	0.96135473	0.8747434	0.95151407	0.9395875	0.943804	0.52933586	0.4441194	0.57441616	0.60040045	0.51128507	0.36794075	0.36057088	0.3727881	0.37605762	0.5580567
buffer_test_bin.58	0.6642287	0.7412348	0.810365	0.74296165	0.77492535	0.72413826	0.6135355	0.54369473	0.5709364	0.798319	0.59926224	0.8883789	0.8730437	0.8438656	0.8532974	0.7018702	0.72506803	0.69590527	0.6724257	0.5799538	0.8080799	0.74496657	0.7716993	0.8314401	0.6609008	0.48713964	0.45377335	0.58333266	0.5799485	0.69419116
buffer_test_bin.59	0.13203037	0.14013688	0.20923153	0.15690616	0.1770726	0.13167219	0.08856748	0.08279709	0.083497845	0.1598495	0.66751295	0.95162463	0.6177032	0.6777525	0.49245328	0.53260076	0.41822624	0.5093418	0.5500375	0.47842932	0.05480688	0.05081851	0.08155149	0.05929753	0.13621004	0.081745744	0.075709045	0.070609495	0.06684404	0.12848319
buffer_test_bin.5	0.65772766	0.729446	0.75857973	0.7417904	0.784823	0.78462416	0.4554883	0.56595504	0.5580187	0.63431555	0.1597503	0.6364876	0.23152158	0.21471936	0.30310956	0.10924807	0.25602004	0.16695854	0.16805652	0.2502577	0.38688704	0.38983628	0.52217245	0.47566453	0.3804011	0.3169438	0.16789128	0.40497056	0.32445025	0.38755253
buffer_test_bin.60	0.14676939	0.15555312	0.21896708	0.1694755	0.19932573	0.14258873	0.0939431	0.07415573	0.08358172	0.15973592	0.22270428	0.56839854	0.39728126	0.43755266	0.40526915	0.23719673	0.28690708	0.24777901	0.2815782	0.18988518	0.21677195	0.15485643	0.23357429	0.24899134	0.15874504	0.09601429	0.09844434	0.11806629	0.122463	0.21327667
buffer_test_bin.61	0.95484716	0.96549726	0.9776923	0.9651271	0.97510535	0.91381925	0.8383712	0.73709005	0.78016424	0.9528711	0.99001205	0.99694514	0.9916061	0.99144745	0.99051607	0.9925542	0.98927385	0.9930739	0.98746824	0.9831954	0.87014395	0.8315255	0.89299667	0.90984386	0.8612574	0.68249756	0.6524775	0.65281534	0.63044125	0.8539519
buffer_test_bin.62	0.38193327	0.40215015	0.5007362	0.41278958	0.449906	0.32209924	0.24035573	0.18960178	0.2107731	0.37632138	0.8347208	0.9869332	0.92590916	0.9257232	0.69088745	0.7247048	0.51201206	0.6939439	0.67321366	0.6859388	0.20933722	0.20159172	0.2847421	0.23453243	0.29283255	0.18845841	0.16285145	0.1666936	0.15534016	0.3060017
buffer_test_bin.63	0.74015445	0.8172846	0.8783582	0.79826444	0.82305455	0.9467571	0.7870324	0.7949616	0.8400928	0.9443937	0.12921765	0.5621413	0.22002079	0.17796974	0.34354845	0.14851354	0.35582733	0.1809494	0.2274949	0.1930924	0.74013877	0.63178325	0.74009335	0.76475364	0.8126591	0.64362395	0.60038817	0.82044196	0.7726004	0.84966695
buffer_test_bin.64	0.6659278	0.70611805	0.80012375	0.6982958	0.76413286	0.47116068	0.31972983	0.28496593	0.318218	0.5316732	0.9652551	0.99949425	0.98371655	0.98130447	0.8820714	0.9295922	0.81598413	0.91841084	0.9048468	0.9166339	0.37591234	0.35738802	0.548218	0.4041628	0.4289202	0.2727367	0.23650685	0.25141448	0.23920345	0.40051013
buffer_test_bin.65	0.42265603	0.44621468	0.5639053	0.4461517	0.5087397	0.3271676	0.23942354	0.18769558	0.22170031	0.41339982	0.70062876	0.68930084	0.24036868	0.26106194	0.39867696	0.92389226	0.84280056	0.90313184	0.9160403	0.93500155	0.30926675	0.24194184	0.34984443	0.35856363	0.34923542	0.20413046	0.20412464	0.21514289	0.21930926	0.37845448
buffer_test_bin.66	0.985938	0.99221194	0.99463	0.992484	0.9928235	0.99425656	0.9856626	0.9790874	0.98669946	0.9937488	0.40898392	0.9527774	0.5129844	0.4600987	0.7051593	0.22539724	0.6236893	0.2789284	0.3087979	0.5197132	0.9791977	0.9625697	0.9827422	0.9849381	0.97510266	0.9183095	0.88919574	0.9799008	0.97037405	0.98547703
buffer_test_bin.67	0.09286943	0.09733924	0.13078886	0.10668443	0.12601697	0.07615096	0.058515713	0.04468751	0.050033428	0.10251564	0.6712759	0.9594269	0.6633988	0.69624746	0.51872945	0.5506772	0.40293643	0.5457363	0.52072304	0.50188005	0.044895053	0.041629303	0.05794167	0.048588555	0.09279603	0.061177317	0.05033339	0.035296373	0.036833663	0.094541386
buffer_test_bin.68	0.5862487	0.65703684	0.7532576	0.6352418	0.67243063	0.86486804	0.68526894	0.65084547	0.7164072	0.87074006	0.071968265	0.39569142	0.117869765	0.090203494	0.18687415	0.06230657	0.2163063	0.081076324	0.101055056	0.12333663	0.6358662	0.5068272	0.62080234	0.66559166	0.7788899	0.58969784	0.57961065	0.7868321	0.72826594	0.83364725
buffer_test_bin.69	0.37414375	0.43172356	0.50862384	0.41043416	0.43987983	0.5503051	0.41074762	0.3353432	0.41516462	0.6224747	0.064288005	0.31689143	0.08539087	0.0711418	0.12865348	0.07655687	0.13285153	0.046975214	0.06363169	0.090054855	0.39372906	0.30402833	0.39061013	0.42112198	0.37566546	0.24846388	0.2435043	0.3652614	0.34930548	0.48371002
buffer_test_bin.6	0.8075989	0.8328819	0.9030558	0.84856296	0.8749908	0.8124516	0.5886467	0.5868169	0.6085715	0.79749435	0.43385208	0.8492777	0.66100293	0.71692556	0.68595445	0.48444816	0.58902705	0.5860385	0.6395313	0.41935048	0.39980376	0.40361091	0.5193014	0.44729385	0.6057543	0.48429453	0.32016507	0.42795345	0.37924927	0.5548827
buffer_test_bin.70	0.9945809	0.99519396	0.9976291	0.9949486	0.9973315	0.990337	0.97477394	0.92660636	0.9595302	0.9961727	0.9987001	0.9991585	0.9990726	0.9986578	0.9989425	0.99846244	0.99854934	0.99865013	0.9988062	0.9978312	0.9591625	0.94276845	0.98597354	0.9779004	0.9919974	0.94578594	0.9316366	0.9150415	0.9147429	0.9932786
buffer_test_bin.71	0.6782019	0.7285653	0.8263245	0.7275991	0.7835419	0.68379134	0.44735268	0.46213168	0.49820572	0.67758787	0.61077935	0.9410686	0.6998466	0.6948122	0.49184224	0.7193503	0.6382633	0.74556506	0.74842566	0.76060593	0.43928304	0.434375	0.60592824	0.5528685	0.5822947	0.4299201	0.29975554	0.48020196	0.44034022	0.604982
buffer_test_bin.72	0.22350498	0.22375932	0.28081733	0.23645382	0.26444054	0.2145693	0.18387268	0.15360616	0.16712676	0.24158931	0.54539436	0.8761682	0.62269086	0.5680057	0.41870737	0.5573501	0.4378706	0.53148293	0.53533894	0.52035946	0.2022858	0.18662395	0.20962147	0.21388175	0.23209324	0.17566903	0.17283918	0.17954624	0.1812341	0.24125794
buffer_test_bin.73	0.32065633	0.37624407	0.4470024	0.3546874	0.39044583	0.45340517	0.35004193	0.2605986	0.33799896	0.53485847	0.1494488	0.6021555	0.1127752	0.12311786	0.16967748	0.25352278	0.17003003	0.20139524	0.16946766	0.30092666	0.33849233	0.26071045	0.3383395	0.3730575	0.29494923	0.18702742	0.18453702	0.26400226	0.2534526	0.36520857
buffer_test_bin.74	0.3156943	0.33861038	0.42351383	0.3470489	0.37532935	0.3191929	0.18361117	0.15416531	0.18624456	0.28879732	0.6505638	0.9306116	0.55536866	0.5649987	0.6200076	0.8940505	0.6996228	0.6824297	0.7897491	0.69281703	0.24886926	0.2140525	0.2829945	0.26584667	0.24942255	0.17070803	0.14443858	0.20123807	0.23666182	0.28067115
buffer_test_bin.75	0.7711778	0.893499	0.8774776	0.8279102	0.86389995	0.71928257	0.58397466	0.5400457	0.59972596	0.790211	0.6365564	0.86501485	0.8259556	0.77305984	0.8141998	0.8610782	0.86690813	0.8877973	0.797709	0.70483875	0.868783	0.8203908	0.81908387	0.88882333	0.72777337	0.59138685	0.5355569	0.6992872	0.7463643	0.76503074
buffer_test_bin.76	0.95587605	0.97635955	0.9898757	0.96994257	0.9799808	0.99111193	0.945165	0.9306475	0.95055264	0.99044245	0.29607558	0.8875543	0.40523836	0.32440984	0.5839235	0.9802136	0.9803334	0.98431194	0.9877205	0.98568183	0.96454406	0.91538316	0.96363854	0.9751487	0.9615483	0.8674854	0.8397132	0.9567939	0.93673265	0.9776329
buffer_test_bin.77	0.8322887	0.8858718	0.95838964	0.87540776	0.90779346	0.6903231	0.50974345	0.48494783	0.51498795	0.72235066	0.22955415	0.68825173	0.36491898	0.31569034	0.53095746	0.5728899	0.6923837	0.605029	0.66895396	0.52073675	0.53184366	0.71514046	0.8078963	0.60811156	0.6723642	0.5376529	0.40245625	0.5673183	0.5538582	0.73540056
buffer_test_bin.78	0.7264985	0.8094134	0.84627587	0.8285396	0.84948575	0.8384151	0.52096784	0.61011654	0.614555	0.6970153	0.21151587	0.731708	0.27451766	0.2673203	0.37929952	0.14330283	0.32387298	0.21206285	0.21664347	0.33858183	0.5066966	0.5022213	0.63540524	0.5949654	0.4482602	0.38244626	0.21772748	0.47119775	0.38698125	0.4627865
buffer_test_bin.79	0.98112154	0.99173933	0.99575895	0.99055135	0.9923488	0.9969302	0.96405673	0.95697576	0.97223306	0.9950846	0.39699587	0.92617935	0.48263705	0.4402149	0.6588814	0.2432469	0.5870693	0.2913908	0.32599106	0.5071027	0.9685931	0.94232106	0.97541857	0.9784303	0.93885803	0.8529456	0.79250056	0.9532687	0.9307796	0.9623436
buffer_test_bin.7	0.43056244	0.50391614	0.5779098	0.48016888	0.5259764	0.677558	0.46378917	0.4494277	0.50717294	0.6848922	0.12212393	0.451435	0.30238473	0.267679	0.40821016	0.09825286	0.3270881	0.15709999	0.24654604	0.11639261	0.409046	0.33341008	0.42884785	0.458794	0.48897782	0.35167044	0.3037098	0.51801467	0.50147533	0.5625575
buffer_test_bin.80	0.9179465	0.93354535	0.9623697	0.9340603	0.9498623	0.8744166	0.80215216	0.7362179	0.7546304	0.91135484	0.98062265	0.9957464	0.9307629	0.9604214	0.96848494	0.99192536	0.9875324	0.9906483	0.988019	0.9849538	0.94821715	0.9196617	0.95118624	0.96963644	0.9572472	0.90177363	0.89629924	0.9413342	0.9438434	0.96759135
buffer_test_bin.81	0.9831836	0.988725	0.9912976	0.9876082	0.9907582	0.97558194	0.9580308	0.92170346	0.9492252	0.98842597	0.99721277	0.9988318	0.9977109	0.9977136	0.9963528	0.9981113	0.9960267	0.99822134	0.9965597	0.9965812	0.9869615	0.9861011	0.9862024	0.98910934	0.9796208	0.9506681	0.9366637	0.9537456	0.95320857	0.98003864
buffer_test_bin.82	0.9482463	0.9728842	0.9869963	0.9690654	0.97507435	0.99212587	0.93431246	0.9298357	0.95602417	0.99014074	0.26398984	0.84363526	0.3797102	0.3251351	0.5381236	0.15127598	0.4674676	0.2063979	0.24991766	0.364657	0.93042374	0.88802725	0.94162494	0.946541	0.8887864	0.7833279	0.70714504	0.92206466	0.8964211	0.9351383
buffer_test_bin.83	0.24987507	0.27456626	0.3439478	0.26584318	0.32196385	0.18826239	0.13875514	0.09881267	0.122432426	0.22043513	0.17517719	0.41518193	0.2200068	0.34051287	0.29511392	0.31284004	0.38764632	0.3460945	0.42101595	0.14655368	0.2177229	0.17313479	0.2568454	0.21610355	0.20772597	0.11272282	0.12334698	0.1466568	0.13533637	0.24116081
buffer_test_bin.84	0.5419143	0.61411864	0.6740895	0.6229306	0.63407385	0.6690277	0.46112105	0.4350106	0.47153223	0.6529156	0.07894793	0.4246643	0.11116767	0.098605976	0.18580043	0.040648703	0.13954666	0.052827407	0.05482531	0.11358561	0.48959348	0.4325137	0.5300497	0.5364268	0.3874987	0.2794187	0.24282984	0.419116	0.3662169	0.43785262
buffer_test_bin.85	0.9937975	0.99510396	0.99753726	0.99545246	0.99483967	0.9974825	0.9941825	0.99397504	0.9957404	0.9971527	0.939486	0.9919683	0.96860623	0.95394135	0.98362124	0.97644293	0.985884	0.9773727	0.97905964	0.9743777	0.9935411	0.992847	0.9942041	0.9947015	0.9957815	0.9926387	0.99233836	0.99649423	0.9950567	0.99707717
buffer_test_bin.86	0.99929804	0.9994183	0.999524	0.99945295	0.9996754	0.99959034	0.9922053	0.99659574	0.996412	0.99871635	0.8060013	0.9984399	0.9045502	0.88873607	0.9505785	0.6423436	0.9165145	0.7754337	0.80288345	0.8941043	0.9807482	0.98381966	0.99628407	0.99256635	0.97787446	0.9602919	0.83337235	0.98507863	0.96702886	0.9833747
buffer_test_bin.87	0.053720895	0.08359468	0.087636925	0.06221658	0.06870115	0.065947086	0.03517085	0.038011033	0.038689088	0.07097184	0.3749837	0.75436866	0.4208609	0.46810085	0.30638504	0.2906473	0.3018376	0.34132057	0.4275268	0.2912089	0.039842628	0.030271033	0.044333067	0.04163541	0.060303718	0.041484393	0.03905359	0.049065493	0.044930458	0.069185734
buffer_test_bin.88	0.9871372	0.99437076	0.9973802	0.9919876	0.9957447	0.8940923	0.72460014	0.70249337	0.7446133	0.9060184	0.998989	0.9999084	0.9994378	0.9996958	0.9988894	0.99874836	0.9981421	0.9989236	0.9987706	0.99837387	0.97205937	0.9427337	0.9898549	0.9800291	0.8637285	0.7231924	0.6206384	0.7178625	0.6950783	0.8678743
buffer_test_bin.89	0.64975095	0.71444136	0.79748565	0.7117054	0.7498671	0.8861729	0.74627775	0.6635611	0.7472608	0.91347736	0.1050944	0.4866575	0.169966	0.1403301	0.24659802	0.07416382	0.23042604	0.09427522	0.11346395	0.15492235	0.66041344	0.54725015	0.6572725	0.6968978	0.6901059	0.5156532	0.4905509	0.7088981	0.6747088	0.81280464
buffer_test_bin.8	0.18168238	0.22277264	0.2657517	0.23071681	0.2577328	0.23839198	0.13220872	0.13061188	0.14379753	0.22908475	0.23696485	0.59478605	0.36436546	0.41614044	0.32934016	0.24535626	0.2568885	0.26490045	0.2895025	0.25048512	0.17876142	0.1445335	0.22233875	0.19652304	0.19589594	0.12815845	0.11305094	0.1810905	0.16510132	0.22859961
buffer_test_bin.90	0.97454935	0.9867067	0.9968678	0.98639655	0.9904583	0.94946116	0.80627435	0.7886356	0.79704905	0.9334442	0.30268627	0.723788	0.1139077	0.171086	0.2582242	0.083373144	0.3959713	0.099205755	0.10556962	0.21988542	0.9186467	0.91755396	0.9691716	0.9714084	0.96471906	0.86317086	0.80072236	0.91594845	0.87684345	0.9572351
buffer_test_bin.91	0.98392504	0.9860758	0.98890686	0.98545825	0.9864967	0.98941344	0.98586214	0.98047686	0.98652834	0.9920802	0.85876316	0.9913807	0.9502638	0.9567472	0.9746077	0.7142679	0.85675204	0.6088274	0.6684428	0.81311506	0.98565286	0.9776157	0.98437965	0.9854928	0.9847638	0.971272	0.9686619	0.9807767	0.9817203	0.98716205
buffer_test_bin.92	0.93287486	0.9772016	0.9693972	0.9565104	0.96934515	0.88164115	0.7897764	0.73578	0.7929245	0.92526776	0.9671122	0.9880006	0.977062	0.97353846	0.9841979	0.9810333	0.97746646	0.9830162	0.9584486	0.93954915	0.9515455	0.9504101	0.9519972	0.96157503	0.85768706	0.741572	0.6723258	0.7685668	0.7715376	0.8599616
buffer_test_bin.93	0.99097335	0.995002	0.99538344	0.9939862	0.9953174	0.9892108	0.97689223	0.9670685	0.9795463	0.9935216	0.9960112	0.99827904	0.99606544	0.9943707	0.9967072	0.996803	0.9950168	0.9971009	0.9914926	0.9851612	0.99213177	0.99113566	0.99060017	0.99436194	0.9876849	0.9754604	0.96020466	0.9832324	0.98429716	0.9880589
buffer_test_bin.94	0.75371796	0.7738398	0.89552	0.8021748	0.8391403	0.7809608	0.67194134	0.5509939	0.62601155	0.8729747	0.9995728	0.99992806	0.9998258	0.99978703	0.99837476	0.9995822	0.99412185	0.99923205	0.9990498	0.9994418	0.39466333	0.38313416	0.4913757	0.43687356	0.6985186	0.46426192	0.4292308	0.38596353	0.38711187	0.6728961
buffer_test_bin.95	0.5063107	0.5846634	0.6105288	0.5509971	0.60800016	0.6470627	0.37461227	0.41650298	0.4407066	0.5587408	0.22614639	0.7433528	0.5783686	0.46076626	0.4059883	0.14561383	0.26540992	0.21561539	0.23048264	0.20301977	0.24939574	0.24296941	0.35203946	0.28564993	0.29995266	0.21670194	0.14601071	0.32625547	0.25516298	0.2921116
buffer_test_bin.96	0.9301957	0.94803125	0.96978337	0.951361	0.95967335	0.9239085	0.7905916	0.7786928	0.80421436	0.92760545	0.9765545	0.99037856	0.9830284	0.9830877	0.97780764	0.91676533	0.9344668	0.9450518	0.95591253	0.89067155	0.7464147	0.7235971	0.8424704	0.7863349	0.85779124	0.709192	0.6156267	0.7089881	0.66797185	0.8357471
buffer_test_bin.97	0.826361	0.8777632	0.91485614	0.8917224	0.906555	0.7758988	0.5202238	0.5361791	0.56863725	0.6994389	0.2263471	0.79423445	0.32344562	0.26752302	0.4391741	0.11543331	0.30513725	0.15312855	0.16533867	0.26186463	0.69195664	0.65298325	0.77673966	0.7596995	0.42226627	0.328653	0.24786663	0.4345078	0.37577173	0.47152632
buffer_test_bin.98	0.31681314	0.38744798	0.43636242	0.3525584	0.3820294	0.41911548	0.23154728	0.24148594	0.2692763	0.3864061	0.24240448	0.62912434	0.3943545	0.40487698	0.32932025	0.24515265	0.29311827	0.2913054	0.30984005	0.24407722	0.25014898	0.20711312	0.27904454	0.27473632	0.20750837	0.14158352	0.11180386	0.20189005	0.18430327	0.2235714
buffer_test_bin.99	0.9825413	0.98391986	0.9927098	0.98432255	0.9905389	0.924812	0.86614656	0.7721372	0.79317814	0.9546259	0.9962258	0.99885654	0.99475664	0.99513096	0.99509305	0.9974559	0.9949939	0.99768525	0.9965208	0.9941313	0.9689186	0.9460444	0.9842789	0.9802527	0.9478907	0.8243462	0.81585926	0.8272103	0.8131322	0.95302874
buffer_test_bin.9	0.41359088	0.50002855	0.58092415	0.477216	0.51069385	0.59526134	0.3994725	0.38875636	0.42342606	0.59789467	0.072794005	0.31634605	0.11807984	0.09609644	0.17935532	0.082739115	0.21667407	0.09577977	0.12810661	0.08410473	0.46617538	0.38382152	0.4800708	0.5047854	0.55154735	0.3851615	0.37928653	0.5331478	0.48549452	0.6295578
